Model,Abstract,True Title,Predicted Title
Glove,here are some likely contenders according to allies and advisers of the clintons and prominent democrats and look at their strengths and weaknesses ,start who might hillary clinton running mate be if she the nominee end , and the 2020 democrats are the 2020 democrats to be the way end
Glove,the trial of the iraqi journalist who threw his shoes at president george bush was adjourned until march 12 muntader al zaidi has been incarcerated since dec 14 ,start trial of iraqi ‘shoe thrower’ is end , ex governor of of iraqi held in iraq is killed in iraq end
Glove,mr barrow well respected diplomat was chosen day after his predecessor ivan rogers announced his decision to quit ,start britain names tim new top diplomat to e u end , ousted australian prime minister minister minister dies at at at at at end end
Glove,just as the war effort grows unpopular at home german forces are fighting in the increasingly violent regions of northern afghanistan ,start grim reality for german forces in kunduz end , in the taliban battle the taliban is the of of of of end end
Glove,the basque nationalist political party already illegal in spain announced thursday that it would dissolve itself in france as well ,start france basque party to disband end , le pen wins in spain to to to to to to to end end
Glove,mr rezaian will have spent his day in captivity as of friday the same length of time as the americans held during the 1979 81 iran hostage crisis ,start jason rezaian washington post reporter nears grim milestone in iran end , veteran who who held in iran is is is dead at at end end
Glove,a large group of gunmen armed with rifles grenades and bombs killed at least 14 people in an audacious midday robbery according to officials and witness ,gunmen rob baghdad jewelry stores in sight of checkpoints killing at least 14 end , gunmen in attack in attack in u s says in pakistan end
Glove,speaking before an inquiry on wednesday the news corporation chief rupert murdoch sought to deflect suggestions that he wielded influence with british officials to further his corporate interests ,start murdoch center stage plays powerless broker end , murdoch says he was was was was was was was is end end
Glove,the result was the first loss by kennedy in massachusetts election and demonstrated the progressive energy that is reshaping the democratic party ,start ed markey held off joseph kennedy in democratic senate clash in massachusetts end , in the south carolina senate race is the the of of of end end
Glove,president hu visit to xinjiang occurred as local officials dismissed reports that trials would begin this week of suspects in ethnic violence ,start chinese president visits volatile xinjiang end , leader leader leader leader in myanmar is killed in china end
Glove,the proposed charter which gives the military powerful role won strong support in central thailand but was opposed in the northeast and far south ,start thailand’s divisions on display in vote new constitution end , in south sudan is first time week to to to the border end end
Glove,these three states have major races that will signal the intensity of republican support for president trump and the degree of democratic strength in the suburbs ,start election day 2019 key votes in virginia kentucky mississippi end , and the republican convention races in the the trump and the trump end end
Glove,in the deadliest attack in the capital since june bombers struck main street of mixed sunni and shiite neighborhood ,start triple blasts kill 28 in northern baghdad end , blasts at shiite mosque kills dozens in iraq in iraq end end
Glove,an interactive timeline of hillary rodham clinton’s life and career ,start milestones hillary rodham clinton end , hillary clinton on the the the the the the the week end
Glove,with large scale demonstrations showing little sign of winding down president aleksandr lukashenko’s security forces appear to have shifted from mass repression to more targeted disappearances ,start belarus protest leader vanishes amid reports of masked abductors end , in protest in protest over over over over over over russia sanctions end
Glove,for the second time in two days taliban fighters attacked provincial capital as government forces scrambled to respond amid peace talks ,start taliban attack second afghan city in days as peace deal nears end , taliban attack kills at least in afghan city in one one one end end
Glove,trump’s throw everything at the wall strategy week before election day particularly constitutionally dubious call to end birthright citizenship has brought new headaches for republicans ,start the trump effect hand and ads days to go end , is the trump has has has has has has has has has end
Glove,a blaze that killed seven at garment factory and the subsequent outrage exposed complicated and at times tense cohabitation of italian residents and chinese migrants ,start deadly factory fire bares racial tensions in italy end , in deadly fire in in greece kills at least in in end
Glove,rioting and looting spread to at least eight areas and broke out for the first time in another big city ,start rioting widens in london on 3rd night of unrest end , violence in in violence in in the streets of of of of of end
Glove,an audit of and recommendations for the united states immigration and customs secure communities program ,start report by the inspector general on secure communities end , of u s senate on on the issues with u n end end
Glove,both the majority han chinese and minority uighurs in urumqi the regional capital of xinjiang say they will not let the bloodshed come between them ,start in china’s far west city struggles to move on end , in protest in china over over over over over over over over end end
Glove,as the french chef jérôme brochot returns his michelin star here is look at others who have turned down celebrated honors and awards ,start just saying no who have shunned awards end , of the paris and france and the royal wedding is not end end
Glove,the official focus of the talks among the nato ministers was whether to push alliance membership for ukraine but broader question on russia permeated the meeting ,start gates urges russian calm over expansion of nato end , and u s troops in russia to to to to to to end end
Glove,if the candidate for chancellor angela merkel’s party loses the vote it will effectively serve as no confidence vote that could lead to new elections or party coup ,start presidential vote tests merkel’s ailing coalition in germany end , in vote in vote could be in the far right to be end end
Glove,india’s prime minister narendra modi spoke to reporters in beijing on friday after meeting with premier li keqiang of china mr modi said progress had been made on some issues ,start indian premier discusses talks in china end , in india to visit to to to to to to to end end end
Glove,highlights from the international herald tribune archives rebels gain ground in mexico in 1914 russia has its eyes on satellites in 1964 ,start in our pages april 1 end , start in our pages may the in in end
Glove,turkey’s foreign minister speaks on new agreement with the united states to flush islamic state fighters out of northern syria ,start turkey announces anti isis operation end , in turkey to to isis to to isis al qaeda to isis end end
Glove,meeting the deadline was another in series of steps that iran promised to take as part of the nuclear agreement reached in july with six world powers ,start iran meets atomic agency deadline for material on past activities end , and iran and iran agree to to to to to nuclear deal end end
Glove,the pentagon said that “person of interest” in the 2012 attack in benghazi libya died in coordinated airstrikes in mosul iraq on june 15 ,start u s says drone killed an isis member linked to benghazi attack end , u s drone strike in yemen in u s says says end end
Glove,as more republicans say they support at least some l g b t q protections president trump and party leaders continue to stand in opposition and particularly target transgender americans ,l g b t q rights gulf between trump and many republican voters end , g o p ’s is to to to to to to to end end
Glove,a french court acquitted the two police officers of charges that they had failed to prevent the of two teenagers in suburb of paris nearly 10 years ago ,start french officers acquitted in deaths that incited 2005 unrest end , court court court court in court in killing of of of of end end
Glove,the british government said that it would simplify the system while changing culture in which people on welfare risk losing income if they find jobs ,start britain begins an overhaul of welfare end , in britain to ban ban ban on on on on on on end end
Glove,a look at judge thokozile matilda interactions with those in her courtroom during the oscar pistorius trial in pretoria south africa ,start highlights of judge in pistorius trial end , in pistorius trial in pistorius case in south korea is case end
Glove,social inequalities in colombia are put on display by beauty pageant that takes place in cartagena slums at the same time as the national miss colombia contest ,start rival pageants divide colombia end , in the el chapo is the of of of of of of end end
Glove,see the latest charts and maps of coronavirus cases deaths and hospitalizations in livingston county michigan ,start livingston county michigan covid case and risk tracker end , start county kentucky covid case and risk tracker end
Glove,when elephants were removed from research site in kenya mysterious decline in the colonies of good ants and growth in the colonies of bad ants emerged ,start in life’s web aiding trees can kill them end , in the virus has has has has has has has by by end
Glove,in day of bombings on religious occasion at least 37 people were killed at shiite turkmen mosque in mosul ,start attacks on shiites kill scores in iraq end , blasts at shiite mosque kills dozens in iraq in iraq end end
Glove,the president and army chief of staff of guinea bissau died after rivalry that has destabilized the country ,start 2 west africa may signal new day end , president obama on the haiti but the the u s end end end end
Glove,several presidential candidates took to the sunday talk shows to clarify points and weigh in on new controversies ,start republicans ensnared in questions of identity politics end , is the 2020 democrats debate in the the candidates are the candidates end
Glove,the move comes as chinese travelers in france have experienced rising number of robberies and assaults according to french news agency ,start chinese police to help with tourist influx in paris end , in france bans new u s to to to to to to end end
Glove,fears over repeat of the devastation left by typhoon haiyan last year have prompted much better evacuation response as typhoon neared ,start response to typhoon in philippines shows lessons learned from year ago end , death toll in philippines is as as as as as is it end end
Glove,the defense minister and the army chief of staff stepped down after the deadliest taliban attack of the war which u s officials say was planned by haqqani leadership ,start 2 top afghanistan military officials resign after taliban attack end , u s commander chief is killed in pakistan attack attack in pakistan end end
Glove,a dormant anti americanism has been reawakened fueled by sense that the media driven culture of the united states has undermined justice and fair play in the case of dominique strauss kahn ,start french see case against strauss kahn as american end , start the vatican is the of of of of of of of end
Glove,the comments offered glimpse into long awaited carefully negotiated report that is intended to help revive the peace process that collapsed more than two years ago ,start u n envoy says israeli settlements peace talks end , in mideast peace talks talks with u s envoy to to peace peace end
Glove,fighting back against republican attacks planned parenthood is offering free testing for sexually transmitted diseases in 28 cities on tuesday “national pink out day ” ,parenthood to offer free s t d testing on national pink out day end , and the iowa caucuses on the trail to the the right and the end
Glove,president vladimir putin’s decree stopped short of recognizing two breakaway provinces as independent states but ukraine said it would complicate peace negotiations ,start russia will accept passports issued by east ukraine separatists end , and russia ukraine talks with deal deal deal deal deal deal deal end end
Glove,the obama administration plans to continue speaking out about human rights violations in russia even after vladimir putin responded angrily to criticism ,start after russian vote u s pledges to raise concerns end , in u s russia sanctions on russia sanctions on russia sanctions end
Glove,the rockets hit taxi the grounds of television studio and the international airport early on tuesday killing at least one person afghan police and other officials said ,start insurgent rockets hit kabul targets end , start bomb kills at least in afghan police officers end end
Glove,the former president’s second impeachment trial begins oral arguments on tuesday but conservative media organizations face an even more consequential test in the weeks and months ahead ,start trump isn’t the only one on trial the conservative media is too end , in house house house house house candidate is is is no is end end
Glove,a foreign affairs spokesman said that countries ringing the south china sea could lose up to 100 million year from the loss of fish breeding grounds ,start china’s island building is ruining coral reefs philippines says end , from chinese ship ship off off off off off off off china end
Glove,relatives of afghans detained at an american base can now see the detainees on video screens during visits ,start video link afghan detainees from black hole of isolation end , from from american held held in u s embassy in pakistan end
Glove,akbar hussain the home secretary of baluchistan province in pakistan said an attack on health care workers on wednesday would not stop the country’s anti polio campaign ,start polio workers killed in pakistan attack end , in pakistan says it to to to to to to to to end end
Glove,analysts say politicians are exploiting religious fervor to challenge the capital’s governor and his close ally president joko widodo ,start jakarta protest tied to faith may have deeper links to secular politics end , in the right line line line line line line line line line line end
Glove,several groups are running online campaigns to brazenly raise money for rebels in eastern ukraine helping conflict that has killed thousands ,start russian groups the war in ukraine end , in ukraine fighting fighting in battle battle battle in in russia end
Glove,secretary of state rex tillerson and president recep tayyip erdogan spoke for hours but agreed little on tough questions that divide the nato allies ,start turkey and u s in talks on worsening syria crisis end , in turkey to to to to to to to to to isis end end
Glove,the african national congress celebrated its 100th anniversary this weekend at lavish focusing on its revered history rather than bitter schisms that now divide it ,start a revered and divided liberator of south africa end , and south africa’s south africa’s is the of of of of of end end
Glove,the israeli police and palestinian youths clashed at jerusalem holy site on friday after the youths threw stones at jewish worshipers according to the police ,start israel police and palestinians clash at holy site end , palestinians killed in west bank bank bank bank bank of of of of end
Glove,positive test rates are increasing in many states even as testing expands that’s clear sign the outbreak is getting worse ,rise in testing is not driving the rise in u s virus cases end , u s is seen as in the covid covid has says says end
Glove,tashi wangchuk who was detained after appearing in new york times video about tibetan language education faces 15 years in prison for inciting separatism ,start china to try tibetan education advocate detained for years end , tibetan writer sentenced in self immolation is self immolation in protest end
Glove,as washington bars americans from traveling to north korea humanitarian groups are uncertain whether they’ll be able to continue work in the isolated country ,start u s deadline forces american aid workers to leave north korea end , u s envoy to to north korea to to to to to to end
Glove,a freight train was sitting idle after it had run over man on the tracks senior official was quoted as saying by the news media when commuter train smashed into its rear ,start train crash in pakistan kills at least 4 end , start british train crash in bus near in london attack in london end
Glove,not every nation agrees on what an impeachment means and not each case turns out badly for the defendant as several recent cases have demonstrated ,start dilma rousseff was not impeached legal scholars say end , in the death of of of of of of of of of end end
Glove,women working at brick kiln in amritsar punjab ,start image of the day march 7 end , image of the day day in the the march in the the end end
Glove,while gold and copper mining have made mongolia the world’s fastest growing economy they have also created some health and environmental problems in boom towns throughout the gobi desert ,start a changing landscape end , in the city city the city city the the city the the economy end
Glove,a reporter takes the same route from liberia to the united states as thomas eric duncan the man who after traveling on to dallas fell to the disease ,start in travel out of liberia nothing is simply routine end , of the day in the the u s the of of of end end
Glove,as part of summit agreement the south said it would be removing propaganda loudspeakers and the north decreed it would its clocks with the south ,start south korea to end propaganda broadcasts along border with north end , south korea to to to to to to to to to north korea end
Glove,it was coincidence of scheduling for the german chancellor angela merkel but the difference in the receptions of the former and current presidents was telling ,start trump and obama visited europe one got warm welcome end , in trump trump trump and merkel is the of of of of end end
Glove,american officials gave permission for president nicolás maduro to fly over puerto rico and denied that they had tried to bar mr maduro from united states airspace ,start u s denies trying to bar venezuelan president from airspace end , u s envoy to to u s ambassador to to to to end end
Glove,the times had experts answer questions about the high suicide rates among veterans ,start questions and answers about veteran suicides end , of the day in the week in the the war war end
Glove,highlights from the international herald tribune archives thousands of volunteers join the finnish army ,start 1940 thousands join finnish army end , 1940 1940 british troops in the battle over over over end
Glove,the world health organization acknowledged it was not prepared to deal with the ebola outbreak and vowed to overhaul the way it handles epidemics ,start w h o promises reform after criticism over ebola response end , w h o says to help ebola virus cases in w h o end
Glove,argentina’s president alberto fernández has made the rights of women and of gay and transgender people central to his government even through recession and pandemic ,start argentina moves toward legal abortion amid push for women’s rights end , in the south africa is the of of of of of of of end
Glove,the manufacturer is so revered in the country planes are often referred to as ” the max crash may change all that ,start can ethiopia’s long love affair with boeing survive the 737 max crash end , of of of of of of of of of of of of end end
Glove,president moon jae in of south korea encouraged north korea and the united states to engage in give and take exchange to break their stalled diplomacy ,start south korean leader urges on north’s denuclearization end , south korean leader is said to to to to to to north end end
Glove,the hurricane which meteorologists called the strongest recorded in the western hemisphere toppled trees triggered landslides and tore off roofs as it slammed into the coast ,start hurricane in mexico downgraded to tropical storm patricia end , hurricane of hurricane is the hurricane of the philippines is the of end end
Glove,a small glimpse at life in the russian republic of dagestan which was once home to tamerlan and dzhokhar tsarnaev ,start suspects with feet in two worlds end , in the russian spy is the of of of of of of end end
Glove,pushed to the edge of extinction in asia by consumer demand the scaly anteater faces increased poaching in africa ,start are out of existence conservation group says end , in thailand is first time since since is the of of of end end
Glove,the court ruled that the ruling party violated the constitution by putting forth an amendment that would have made the senate fully elected body ,start thai court rejects bid for direct elections of all senators end , court court court court court court court court court court court court court end
Glove,the ascent of donald trump and his potential warming to vladimir putin have caused worries that the nation will lose out as the two leaders forge bargain ,start bulgaria grows uneasy as trump complicates its ties to russia end , in putin putin putin is an unlikely to to to to to end end
Glove,the hungarian leader viktor orban is backing two big projects for both economic and political reasons to restore key buildings to their pre world war ii glory ,start hungarian leader’s has some in budapest rattled end , in hungary to to to to to to to to to to end end
Glove,islanders have joined together in an effort to contain an estimated 000 tons of fuel oil that leaked into the waters surrounding the picturesque nation off africa’s eastern coast ,start ‘this is anger mounts over mauritius oil spill end , start a town town port port port port is now to be end
Glove,the new york times attended an exercise session that is part of national campaign created by the prime minister of thailand to increase the energy and improve the health of civil servants ,start thailand national energy boost end , and the president in the the world the the of of of of end
Glove,barring crushing defeat for the separatists any other outcome is unlikely to the independence drive completely and may usher in new uncertainty ,start catalonia votes again this time in gamble to stall its end , in turkey elections could to be in the the government is now end
Glove,a statement on iran came two days before iranian elections and just before president trump’s first overseas trip as president ,start iran nuclear deal will remain for now white house signals end , in iran nuclear deal is seen as as as nuclear deal deal end end
Glove,the city government used report originally offered as concession to protesters to warn that the authorities would not shift course from plans laid down by beijing ,start hong kong leaders insist election will follow beijing’s rules end , hong kong police chief in protest over over over over over over end end
Glove,the israeli embattled wife can be heard screaming at over gossip item that did not mention her college and graduate degrees ,start sara netanyahu’s aides sued over her now there’s recording end , of the israeli who is the first time the the of of end end
Glove,at the debate president trump and joe biden were actually able to debate offstage both candidates are carrying on distinctly different campaign styles that suit them best ,start trump’s rallies red state democrats this week in the 2020 race end , is the 2020 democrats are the the 2020 democrats to be it end
Glove,three armed attackers attacked police training school trapping at least 250 cadets and staff members ,start at least 59 die as militants storm police college near quetta pakistan end , police in pakistan kill at least in in attack at at least end end
Glove,the times’s rick berke ashley parker and jeremy peters pick the top republicans to watch as congress debates gun legislation and immigration reform ,start the top republicans to watch in congress end , on the republican republicans on the issues with the g o p end end
Glove,several fires were burning in the los angeles area on friday ,start fire map tracking the spread end , start california covid the aftermath end
Glove,san lorenzo de an argentine soccer team with holy beginnings now has supporter at the vatican in pope francis i ,start he roots for ‘the saints on the soccer field and off end , the first lady and the pope and the pope is the of of end
Glove,video from the japan meteorological agency’s live camera shows the volcanic eruption of mount on the remote island of on friday ,start moment of japanese volcanic eruption end , image of the ocean in japan to to be in the end
Glove,jim rutenberg discusses the democratic party controversial reference to jerusalem as the capital of israel ,start a controversial to jerusalem end , start on politics with the west bank end
Glove,france telecom offered 42 billion in cash and stock for in the latest bid by european wireless operator for bigger foothold in emerging markets ,start 42 billion french bid for end , france france proposes new cuts to to to to to to to end end
Glove,a day by day recap of the conventions in tampa fla and charlotte n c ,start the party conventions pictures of the day end , the the republican convention the week the week in the week end
Glove,since the 1975 disappearance of james the former president law enforcement officials have followed up number of tips as to where his remains might lie ,start search returns to michigan end , who who tried to to prison in prison in prison in prison end
Glove,israel launched five airstrikes at the gaza strip two days after hamas militants fired dozens of mortar shells and rockets at israel witnesses and militant groups said ,start gaza israel with strikes end , start israel airstrikes in gaza as gaza end
Glove,one of china’s most popular air quality monitoring apps has stopped providing data from device that sits atop the roof of the united states embassy in beijing ,start air quality app forced to stop providing data from u s embassy end , from from from from from from from from from from from from end
Glove,1 2 billion and 1 6 billion in iraqi funds were stolen after the american invasion and moved to rural lebanon former united states investigator said for the first time but the trail ended there ,start investigation into missing iraqi cash ended in lebanon end , start a war in iraq in iraq u s says it its end end
Glove,pervez musharraf facing criminal charges in three cases related to his nine years in power could leave the country as early as thursday ,start bail for pakistani ex leader paves way for his exit end , court court court court court court court court court court court end
Glove,the expected comes four months after television investigation raised new suspicions that the palestinian leader yasir arafat had been poisoned ,start palestinians prepare to exhume arafat to check for poison end , palestinian palestinian is released from from from from from from from from from end
Glove,mr trump leaves as newly appointed special counsel begins looking into any ties between russia and the president’s campaign ,start opening first foreign trip donald trump tries to leave crisis behind end , in donald trump jr putin is not not not not not not end end
Glove,a suicide bomber blew herself up in crowd of shiite pilgrims many of them women and children ,start suicide bomber kills 35 in an attack on shiite pilgrims in iraq end , suicide bomber kills at least in in iraq in iraq in iraq end
Glove,on the third day of the convention vice president mike pence and other republicans portrayed democrats as tolerant of violence and riots and they continued to try to soften president trump’s image ,start with wisconsin unrest as backdrop republicans intensify law and order message end , g o p and a day in the 2020 democrats are the end end
Glove,over the course of the campaign both candidates though donald trump more frequently than hillary clinton have made statements that are in tension with the constitution ,start trump clinton statements at odds with the constitution end , and trump and republicans are to to to to donald trump end end
Glove,the wife of mehdi karroubi an opposition leader had said her son was arrested and tortured while in detention ,start iran rejects family’s charge that protester was tortured end , in iranian opposition leader sentenced in is sentenced in protest over over end end
Glove,mr pollard who gave range of classified documents to israel starting in 1984 recently completed his parole his case was longstanding irritant to american israeli ties ,start jonathan pollard spy for israel gets hero’s welcome from netanyahu ‘you’re home’ end , who who helped to release dies at at at at at event end
Glove,the conservative leader seeking to increase her majority in national election june is reaching out to british voters who traditionally support the labour party ,start theresa may borrowing from labour vows to extend protections for workers end , in british prime minister minister is elected in britain to to to end end
Glove,monarch butterflies which fly each year to mexico from canada and the united states covered about 10 acres this winter an area more than three times as large as last year ,start monarch butterfly migration rebounds easing some fears end , start a week in the the family of of of of of end end
Glove,the university of leicester had laid plans for re internment based on government license but champions of york argued that the city was the king’s preferred burial place ,start two english cities battle in court to remains of king richard iii end , who who who who is dead at at at at at 74 end
Glove,an official with doctors without borders tells his story just days before discussions with the united nations about launching military operations ,doctors group recounts migrant rescue as e u plans crackdown on smuggling rings end , u n chief says to to to to to to to aid end end
Glove,how we analyzed the last night of the republican national convention which featured ivanka trump peter donald trump and more ,start republican convention night analysis end , g o p ’s and the republican debate in the week end
Glove,from the archives of the international herald tribune the beginning of the arab revolt against the ottoman empire in 1916 ,start 1916 arabs revolt against turkey end , start 1940 italians join to to to to to to to end end
Glove,a court ruled that conscientious objectors must be allowed to serve their country in other ways the government says they’ll still have to do so behind prison walls ,start in south korea draft still go to prison but now it’s job end , in court court court court court court court in court over over over end
Glove,kim yong chol north korean party vice chairman resurfaced this week despite reports that he had been banished to labor camp ,start north korean official blamed for failed trump summit reappears in public end , son north korean leader is said to to to to to to end end
Glove,new mining has provoked fears that riches will be used to subvert attempts to bring democracy to zimbabwe ,start diamond find could aid zimbabwe and mugabe end , in myanmar is seen as as to be now to to power end
Glove,an agency spokeswoman declined to confirm or deny the information in the militant group’s broadcast but the c i a has said it suffered setbacks in lebanon ,start hezbollah station identifies 10 supposed c i a officers end , chief says it to to to to al qaeda to isis al qaeda end
Glove,low cost subsidiary of the russian state carrier aeroflot announced that it would suspend all flights as result of sanctions imposed on russia by the european union ,start european sanctions force russian carrier to suspend flights end , start russia sanctions sanctions on on on on on on russia end
Glove,japan was filled with scenes of desperation day after an 8 9 magnitude quake as survivors called for help and rescuers looked for people buried in rubble ,start powerful quake and tsunami devastate northern japan end , death toll in nepal is tsunami but still no that never end end
Glove,nairobi degenerated deeper into violence as police used tear gas and water cannons to block rally ,start kenyan riot police turn back rallying protesters end , protesters in protest in protest over over over over over over over end end
Glove,abdullah el faisal jamaican born muslim cleric has been linked to the nigerian man accused of trying to bomb an american airliner on christmas day over detroit ,start kenya seeks to deport muslim cleric to jamaica end , saudi suspect is said to to to to to to to to end end
Glove,we’re tracking the votes as they are tallied in two races for governor and two for senate that have slim margins ,start see how close the results are in georgia florida and arizona end , how to the voting in the voting are the the voting are end
Glove,from the international herald tribune archives the ben investigation ends in paris in 1966 ,start 1966 ben investigation ends end , start 1966 de gaulle to to to to to end
Glove,a man fired birdshot pellets at motorcade prime minister hisham and officials called it an accidental episode of road rage ,start egyptian premier’s comes under attack end , in attack in attack kills at least in in turkey is one end
Glove,some of the candidates’ sharpest policy disagreements have been on these issues here’s where they stand ,start trump vs biden on policing crime and guns end , on politics with lisa lerer and the u s and the trump end
Glove,the bodies were discovered during rescue operation by the italian navy some 60 000 people have reached italian shores this year from north africa ,start 30 migrants found dead in boat near sicily end , who rescued from from from from from from from from flight flight end
Glove,britain’s efforts to aid the environment have inadvertently led to spike in an even more form of air pollution than the deadly smog of 1952 ,start a push for diesel leaves london gasping amid record pollution end , in the air force force force force in the u k ’s says end
Glove,a bus carrying civilians and indian police officers hit an explosive device and unconfirmed local media reports put the death toll between 30 and 50 people ,start india counts civilians among dead in maoist attack end , in attack at at least in pakistan kills at least in in end end
Glove,an attack on the compound of the governor of parwan province involved six bombers and three hour firefight ,start attack is latest to jolt usually quiet afghan area end , taliban attack kills at least in in pakistan kill dozens in kabul end end
Glove,two senators announced their support for parts of report on the c i a ’s interrogation methods all but assuring that senate panel will approve the report and send it to president obama for release ,start senators clear path for release of detention report on c i a end , u s senate panel panel panel of n s a chief says end end
Glove,see full results and maps from the kentucky elections ,start 2019 kentucky general election results end , start ohio election results second congressional district end
Glove,the evacuation of the 52 passengers began after more than week of attempts to approach the stranded research vessel the ,start chinese copter rescues 52 from ship in antarctic ice end , in plane crash in malaysian jet crashes into into into into into end
Glove,prime minister nuri kamal al maliki said that saddam hussein loyalists were behind the demonstration plans ,start prime minister urges iraqis to call off nationwide protests end , iraqi shiite leader is in as as as is killed in iraq end end
Glove,hillary clinton has hired her first female pollster as she expands her polling operation as she heads into primary races and the general election ,start hillary clinton adds female pollster to polling operation end , hillary clinton in the iowa and hillary clinton to to to to end end
Glove,president lee myung bak on tuesday granted special pardons to longtime friend political allies and dozens of others convicted of corruption and other crimes ,start departing south korean leader creates furor with pardons end , in south korea is leader is indicted in south korea end
Glove,days after fire coursed through the paris cathedral and donors pledged about 950 million the french government announced measures to restore the monument ,start millions in notre dame donations pour in as france focuses on rebuilding end , in france france france to to to to to to to end end
Glove,student protesters at public university in rio de janeiro are teaching each other how to expose data about the city’s transport system ,start brazilian students dig for corruption end , police in protest in brazil is legal over over over over over end
Glove,hamas closed news media offices and television production company for what it called the spreading of false reports and working for israeli television ,start hamas closes news media outlets end , in israel arrests in gaza as held in gaza strip by by by end
Glove,the lawmakers voted on thursday to suspend ms rousseff whose sagging fortunes embody widespread anger at corruption and battered economy ,start brazil’s senate votes to begin impeachment trial of dilma rousseff end , brazil’s brazil’s is elected as as as as is now to to end end
Glove,images show the scale of the devastation from blasts that shook the lebanese capital on tuesday ,start the beirut explosions in photos end , start deadly blast in beirut in lebanon end
Glove,jeb bush took issue on wednesday with marco rubio questioning his foreign policy experience ,start jeb bush pushes back at marco rubio on foreign policy experience end , jeb bush on the u s and the new york times end
Glove,american investigators say that records covering more than four years may have been shredded ,start records missing on afghan army fuel costs end , of u s is accused in u s to to to to end end
Glove,the country now enters three month period of heightened surveillance during which the virus could re emerge as it has done twice in liberia after it ended transmission ,start in guinea hard won over ebola end , ebola virus is declared by by by by by by by by end end
Glove,barely three weeks into his term andrés manuel lópez obrador has burst out of the gate with new initiatives trying to fulfill his campaign vow to remake mexico ,start mexico’s new president promised revolution has it begun end , mexico’s mexican president is ousted in mexico is the of of of end end
Glove,the bus was carrying elementary school students when it swerved and fell into deep himalayan the authorities said ,start ‘panic cries in india as school bus crash kills 27 end , police in bus in bus in bus in bus in killing in killing end
Glove,the web site opened by carla sarkozy crashed almost immediately problem that was attributed to heavy traffic but was up again by monday night ,start france first lady’s web site crashes end , in french crash crash kills at least in in the city end
Glove,see the latest charts and maps of coronavirus cases deaths and hospitalizations in the coeur area ,start county idaho covid case and risk tracker end , start county indiana covid case and risk tracker end
Glove,mr the president of cyprus from 1993 to 2003 was frustrated peacemaker in futile talks with turkish cypriots to reunify their long divided island ,start greek leader who sought unification is dead at 94 end , who who who led by by by by by by by by by end
Glove,read the latest updates from mr cruz ,start ted cruz on health care end , ted cruz on on the issues with the issues end
Glove,had the attack been attempted just six months ago there would have been several layers of protection that might have helped mitigate the impact of the deadly blast ,start too early to bring down the walls end , in attack in attack kills at least in in in in syria end
Glove,the great lebanese diva returned to damascus for the first time in three decades performance some considered betrayal ,a lebanese diva performing in syria creates drama in more ways than one end , in the syrian war war war war war war war war war end
Glove,the state run news media weighed in with photographs and analysis including details of extreme interrogation techniques used by the c i a like waterboarding ,coverage of c i a torture report says it highlights u s hypocrisy end , in the torture report u s a torture report finds no end
Glove,a growing array of military leaders arctic experts and lawmakers say the united states is losing its ability to patrol and safeguard arctic waters ,start a push to increase in the arctic end , u s and russia to to to to u s sea sea end
Glove,bruno rodríguez the cuban foreign minister commented on the meeting between president obama and president raúl castro of cuba on tuesday at the united nations ,start cuban minister on obama castro meeting end , castro castro castro of u s envoy to cuba to cuba end
Glove,the story of an 800 soldier brigade battalion offers snapshot into the military’s strategy to carry out president obama’s revamped strategy for afghanistan ,start one trials in afghanistan end , from from from from from from from from from from from from end end
Glove,prime minister stephen harper shut down parliament until jan 26 seeking to forestall no confidence vote ,start canadian leader shuts parliament end , of british premier to resign amid over over over over over over end end
Glove,oktoberfest proves that germans can loosen up and have fun but as the lost and found center shows they are going to have system in place first ,start raise your to german efficiency end , in the town town the the is the of of of of end
Glove,morgan tsvangirai said on friday that he would join his nemesis president robert mugabe as prime minister ,start opposition party to join zimbabwe’s government end , mugabe is ousted as as as as is elected elected elected end end
Glove,the irish politician was stopped at the gates for lengthy security check when he arrived to attend st patrick’s day celebration ,start gerry adams sinn fein leader skips white house visit over security end , british writer who who is dead at at at at at at end end
Glove,robert mueller’s letter in march is another sign of anger toward attorney general william barr whose initial statement let president trump claim to have been vindicated ,start on politics mueller to barr’s of his findings end , in trump trump trump trump trump in the senate race end
Glove,the family of abdelhamid abaaoud who is believed to have organized the attacks on paris hoped he had died fighting for the islamic state in syria ,start an isis militant from belgium whose own family wanted him dead end , in al qaeda attack in attack in attack in killing of of end
Glove,the war in ukraine can be viewed in all its horror and brutality by anyone with an internet connection ,start on youtube vivid evidence of war’s horror in ukraine end , in the russian city the the is the of of of of end end
Glove,scenes from the philippines where major storm ripped across the islands leaving trail of devastation and rising death toll ,start typhoon haiyan batters the philippines end , death toll in the philippines earthquake victims and the day end
Glove,three palestinians were killed at the jenin camp when israeli forces tried to arrest suspected militant in raid that threatened to upend the fragile negotiations in the region ,start israeli raid leaves dead in west bank refugee area end , start israeli killed in gaza kills palestinian in protest end
Glove,technically cambodia isn’t one party state but prime minister hun sen’s party is the only one most voters in the july 29 vote will have heard of ,start and in cambodia prop up facade of real election end , in vote in vote in may have in the south korea end end
Glove,women who say they were sexually assaulted in iraq by co workers have found themselves unable to seek justice ,start limbo for u s women reporting iraq assaults end , women women women women women women women women women women women women end end
Glove,the huge increase in american travel to cuba is leading to shortages in food gas and hotel rooms plus sharp rise in prices that will only ,start to beat the rush americans rush to cuba services end , u s is seen as to to to to the u s cuba end
Glove,some progress was made but the discussion fell short of concrete results the chief american negotiator said ,start talks between u s and north korea end end , u s is said to to to nuclear talks with iran nuclear deal end
Glove,the landmark ruling ordered the government of niger to pay about 19 000 in damages to young woman who was sold into slavery at the age of 12 ,start court rules niger failed by allowing girl’s slavery end , court court court court court court court court court in bid to to end
Glove,the findings on problems at the bank jeopardize at least 1 billion in foreign donations to afghanistan ,start i m f said to have harsh assessment of troubled kabul bank end , u s is seen as as in in pakistan officials say say end end
Glove,the leaders of russia ukraine france and germany called for the minsk peace agreement to be carried out in full in 2016 ,start world leaders agree to extend efforts to end ukraine conflict end , in ukraine and russia agree to to to to to to to end end
Glove,the man william who was participating in an and hebrew study program in eilat was then fatally shot by the police ,start new yorker fired by hotel in israel kills co worker end , palestinian teenager who killed in israeli teenager is is is is ’ end
Glove,as the boy watched in wide eyed demonstrators in lebanon tried to put him at ease with an impromptu performance ,start a giant protest nervous toddler time for shark ’ end , in the west bank hamas is the of of of of of of end
Glove,a foreign ministry spokeswoman would not confirm or deny new york times report that more than dozen c i a informants were killed or imprisoned ,on killings of c i a sources china asserts right to defend itself end , in u n c i a torture report says it was is end end
Glove,a doctor treating people who were shot at the pulse nightclub on sunday gave an update on the victims conditions and survivor explained his current health ,start orlando hospital updates victim end , in the hospital is kills at least in hospital in hospital end
Glove,the embassy disputed new york times article saying that the united states ambassador did not discuss potential appointments with mexican officials ,start u s embassy denies in mexico cabinet choice end , u s envoy to to u s embassy in cuba end
Glove,after routing the congolese m23 rebels united nations peacekeepers are expected to turn their attention to subduing hutu militia ,start peacekeepers in congo to focus on another rebel group end , fighters fighters in somalia is said to be in the of of end end
Glove,it was the latest in flurry of attacks that though relatively small have killed or wounded scores in the last week ,start gunmen kill iranian pilgrims in iraq end , in attack in iraq kill dozens in in iraq as officials say end end
Glove,the attacks in paris that killed 129 people were not the work of muslims many say adding that they see it as their responsibility to defend their religion ,start muslims defend islam from being hijacked by isis end , in attack attacks in jordan in jordan to be so to to end end
Glove,researchers suspect that india’s unusual mix of polluted air poor sanitation and contaminated water may make the country among the most dangerous in the world for lungs ,start beijing’s bad air would be step up for delhi end , in the air pollution water in the water of of of of of end
Glove,torrential rain and rapid of chilly and sweltering heat have contributed to outbreaks of pneumonia in areas hit by the typhoon ,start pneumonia is new threat to storm battered philippines end , in flooding in nepal is worst as as is the worst end
Glove,a legal advocate who was arrested after applying to hold protest in beijing during the olympics in august has been sentenced to three years in prison lawyer said ,start would be olympic protester sentenced to years in prison end , rights lawyer who sentenced in prison in prison in prison in china end
Glove,iraq’s government held public auction friday during which it sold development rights to two of its largest untapped oil fields ,start under tight security iraq sells rights to develop oil fields end , oil oil fields oil fields oil fields in oil prices in iraq end
Glove,gustavo petro lost his fight to remain mayor of bogotá after president juan manuel santos approved an order to remove him and bar him from holding public office for 15 years ,start mayor’s ouster is approved in colombia end , is ousted in brazil is ousted as he is no of of end end
Glove,after former macedonian prime minister jumped bail and ended up in hungary the far right hungarian prime minister viktor orban was accused of helping him escape ,start hungary sheltered fugitive prime minister did it help him escape end , in ex premier of premier is arrested in in corruption case end
Glove,the under attack in syria also called syriac christians are an ancient ethnic group descended from one of the great empires of middle eastern history ,start besieged have deep roots in middle east end , in isis and isis is the of of of of of of end end
Glove,the united states has revived an international effort to stop drug planes from using the tiny central american country as way station for cocaine smuggling to the united states ,start as u s shares intelligence with honduras other antidrug aid stays frozen end , u s is sending drug drug of u s in in cuba end
Glove,prime minister haider al abadi flew to the city to celebrate its from the islamic state as iraqis thronged the city’s battle scarred streets ,start celebrating victory over isis iraqi leader looks to next battles end , in iraq iraqi shiite leader is an an iraqi soldiers in the end end
Glove,assaults on military headquarters and on the french embassy left at least eight members of the security forces and eight attackers dead ,start militants carry out deadly attacks in burkina faso end , in u s strike strike in in attacks in attacks in capital end
Glove,scores were killed when two powerful earthquakes one measuring magnitude of 6 4 struck near the iranian city of ,start deadly quakes strike in iran end , at least die in in as as as killed in japan end end end
Glove,how paul ryan’s career compares with the country’s most recent vice presidents ,start paul ryan and previous paths to the vice presidency end , of the first the first the first the 2020 race end
Glove,the assailant killed seven soldiers and wounded 10 others before dying in an exchange of fire the tunisian state news agency reported ,start soldier in tunis fires on colleagues in deadly attack end , start gunmen attack in attack in attack in turkey end
Glove,the united states insisted friday that diplomatic solutions remained in the iranian nuclear crisis despite new evidence that iran is bolstering its ability to produce type of uranium used for bomb fuel ,start diplomacy with iran still is viable u s says end , u s says it to to to iran nuclear talks with iran end end
Glove,divers involved in the recovery of the cruise ship costa concordia found several bones on the seabed on thursday ,start italy bones found amid shipwreck end , search search for jet jet crash in italy is flight 370 end
Glove,british officials made statements tuesday to assuage concerns about intelligence lapses involving the man accused of trying to bomb flight to detroit ,start britain tries to ease strain over bomb suspect end , in britain to to to to to to to to to to end end
Glove,the case of israel christian rugby player whose contract was canceled over his anti gay posts has spurred national rift over how rights coexist ,start as new york celebrates pride australia debates freedom end , in israeli court court court court in the west bank settlement of case end
Glove,prison in iraq have freed hundreds of militants who have joined radical sunni groups operating in neighboring syria and in iraq itself ,start escaped inmates from iraq fuel syrian insurgency end , held held in iraqi held in baghdad in iraq as killed in iraq end
Glove,bombings in afghanistan’s capital have led companies to build blast walls which blend into the landscape as part of the city’s identity ,start attacks in kabul keep wall busy turning city into labyrinth end , attack attack at shiite mosque in iraq kills at least in in end end