Model,Abstract,True Title,Predicted Title
Keywords+LSTM,dr abdullah the second most senior intelligence officer in afghanistan was killed by suicide bomb outside the main mosque in his hometown afghanistan taliban foreign ,afghan intelligence officer killed , north korea in pakistan
Keywords+LSTM,two palestinians were killed and several others were wounded as residents said that up to 000 troops entered the camp between jerusalem and ramallah palestinians israel rami west bank danny 1990 2015 foreign ,israeli soldiers raid west bank refugee camp prompting deadly clashes , north korea in pakistan
Keywords+LSTM,footage released by firefighters shows aerial images of warehouse in tianjin china the site of huge explosions on aug 12 explosions accidental tianjin china foreign ,drone footage of blast aftermath , china in pakistan in pakistan
Keywords+LSTM,arabs in northern israeli village who have long history of supporting jewish settlers are enraged by mosque attack tied to jewish extremists jews and judaism muslims and islam arson mosques israel foreign ,ties between israel and arab allies fray over mosque burning , china in pakistan in pakistan
Keywords+LSTM,an intentional detonation of 550 pound world war ii bomb found in munich set off fires late tuesday that damaged shop and nearby apartment buildings munich germany germany world war ii 1939 45 bombs and explosives foreign ,germany old bomb is detonated , u s of the kong
Keywords+LSTM,paul manafort president trump former campaign chairman was indicted on charges including conspiracy money laundering and other charges mr manafort business associate rick gates was also charged u s ,read the charges against paul manafort and rick gates , the politics of the the the the the the the
Keywords+LSTM,the pro democracy leader daw aung san suu kyi faces term of up to five years in prison myanmar aung san suu kyi daw foreign ,myanmar dissident verdict on friday , china in pakistan in pakistan
Keywords+LSTM,an iraqi crackdown on iranian backed shiite militias resulted in no deaths of american forces in august remarkable if fragile achievement officials said united states defense and military forces iraq iraq war 2003 foreign ,iraq war marks first month with no u s military deaths , china in china in china
Keywords+LSTM,a stricter law on vaccination returned to force in italy dozens of other children across italy were also likely to be affected vaccination and immunization italy foreign ,vaccine law returns to force in italy barring 300 children from kindergarten , in n leader to be
Keywords+LSTM,noordin muhammad top the suspected mastermind of bombings in bali and jakarta was killed in raid indonesia terrorism noordin muhammad top foreign ,indonesian police kill alleged terror mastermind , north korea in pakistan
Keywords+LSTM,from the international herald tribune archives france celebrates bastille day in 1964 bastille day paris france foreign ,1964 dance marathon in paris , the politics focus
Keywords+LSTM,the animals briefly slipped their after heavy flooding at german zoo prompting call for residents to stay indoors one animal bear was shot dead zoo germany tigers bears zoos germany lions foreign ,wild animals go missing at zoo stirring fears , in the kong of the the the the the
Keywords+LSTM,iraq said that iranian soldiers who had been occupying part of disputed iraqi oil field had withdrawn ending three day standoff iraq iran oil petroleum and gasoline foreign ,iran iraq standoff over oil field ends , north korea in pakistan
Keywords+LSTM,the north korean military has bolstered its special forces units during the past two years and has deployed new battle tank south korea said in its white paper north korea defense and military forces foreign ,n korea tanks and special forces south says , north korea in pakistan
Keywords+LSTM,demonstrations took place at airports across the country after some travelers were denied entry to the united states airports international airport washington dc refugees and displaced persons u s ,refugees stopped at airports after trump’s order , in the kong of the kong
Keywords+LSTM,attacks in northern iraq left more than dozen people dead on saturday adding to questions about the strength of iraq’s security forces iraq iraq war 2003 bombs and explosives foreign ,remote attacks add to iraqi concerns , north korea in pakistan
Keywords+LSTM,congo’s president joseph kabila met thursday with rwanda’s president paul kagame in talks they both hailed as step in the of ties between the two central african states rwanda congo formerly zaire foreign ,congo talks with rwanda in sign of closer ties , in the the the the the the the the the
Keywords+LSTM,with an estimated 50 tons of trash left behind by climbers littering mount everest nepal declared that all climbers must carry down 18 pounds of garbage or face stiff penalties mount everest mountain climbing nepal waste materials and disposal foreign ,mt everest nepal says bring back garbage , in the the the the the the the the the
Keywords+LSTM,the state is known for its vote counting but this time it might make news for how quickly it counts presidential election of 2020 florida politics ,florida man , the politics trump
Keywords+LSTM,infections are soaring in the country which has severely exports of covid 19 vaccines as it tries to prevent second wave internal essential coronavirus 2019 ncov hindu festival india foreign ,india’s case surge hits highs not seen in months as festival season begins , in the the the the the the the the the
Keywords+LSTM,the chinese government will reopen tibet to foreign tourists on april after nearly six week ban according to the state run news agency xinhua china demonstrations and riots tibet foreign ,china will reopen tibet to tourists , north korea in pakistan
Keywords+LSTM,ben carson formally announced on friday that he was ending his republican presidential campaign here are some of the most emblematic moments of his bid from debate and interview to campaign shake ups presidential election of 2016 carson benjamin republican party u s ,ben carson path to the exit , the politics trump
Keywords+LSTM,the president’s daughter is an role model for young professionals in beijing analysts say her popularity may help ease international tensions trump ivanka beijing china foreign ,the ivanka trump is hit in china , in the the the the the the the the the
Keywords+LSTM,charles runs funeral home about an drive east of atlanta all of his cases are black funerals and memorials segregation atlanta ga u s ,funerals in the south , the the the the the the the the the the
Keywords+LSTM,susan rice president obama’s national security adviser said that prime minister benjamin netanyahu’s planned speech to congress posed problem for the israeli american relationship rose charlie rice susan netanyahu benjamin israel united states foreign ,rice opposes netanyahu’s planned speech , in the the the the the the the the the
Keywords+LSTM,greeks voted on sunday in high stakes referendum on an international bailout referendums greece europe foreign ,greek voters react to referendum , in the the the the the the the the the
Keywords+LSTM,thousands of young immigrants in the country illegally lined up to take part of program that would allow deportations to be deferred for up to two years deferred action for childhood arrivals illegal immigrants u s ,seeking reprieve , in the the the the the the the the
Keywords+LSTM,the israeli and palestinian leaders met on tuesday amid growing over the content of their talks and the kind of agreement they are trying to achieve fayyad salam abbas mahmoud olmert ehud israel palestinians gaza strip foreign ,abbas and olmert struggle to move talks forward , north korea in pakistan
Keywords+LSTM,thousands of of soil were used to fill sinkhole that swallowed busy street and left sewage exposed in fukuoka sinkholes fukuoka japan foreign ,massive sinkhole in japan is repaired , u s of the kong
Keywords+LSTM,north korea has been stealing equipment from nuclear power plant site where an american led stopped construction four years ago south korean newspaper reported north korea nuclear energy foreign ,north korea said to be looting heavy , north korea in pakistan
Keywords+LSTM,nan elections presidential election of 2020 primaries and caucuses pennsylvania u s ,pennsylvania primary election results eighth congressional district , new carolina election results
Keywords+LSTM,the country’s constitutional court ruled that officials must create gender neutral option to ensure individuals’ rights gender discrimination constitutions germany transgender and transsexuals privacy foreign ,germany must allow third gender court rules , china in china in china
Keywords+LSTM,nan elections presidential election of 2020 primaries and caucuses tennessee u s ,tennessee democratic primary election results fifth congressional district , new carolina election results
Keywords+LSTM,see the latest charts and maps of coronavirus cases deaths and hospitalizations in county kentucky coronavirus 2019 ncov states us deaths fatalities united states disease rates u s ,county kentucky covid case and risk tracker , north korea in pakistan
Keywords+LSTM,cuba is planning to legalize the sale and purchase of property and some predict that it could produce broad changes in society housing and real estate cuba castro raul foreign ,cubans set for big change right to buy homes , in the the the the the the the the the
Keywords+LSTM,can the west trust iran can iran trust the west look at the bet each side is making in the nuclear talks along with the challenges and risks that they face nuclear weapons iran united states international relations embargoes and sanctions foreign ,what’s at stake in the iran negotiations , north korea in pakistan
Keywords+LSTM,the afghan president urged the militants to refrain from disrupting the national elections in august and to cast ballots themselves karzai hamid afghanistan elections taliban foreign ,karzai urges taliban to cast votes , in the kong of the kong
Keywords+LSTM,five crew members of an aircraft carrying weapons from north korea were denied bail here monday and ordered held for at least 12 days while police investigate north korea thailand arms sales abroad foreign ,thailand to hold crew that was weapons , north korea in pakistan
Keywords+LSTM,french police arrested the suspected leader of eta the basque separatist group near the spanish border on thursday spain france civil war and guerrilla warfare basques eta foreign ,alleged basque rebel leader arrested , north korea in pakistan
Keywords+LSTM,one of two systems aboard the international space station malfunctioned setting off alarms space stations space international space station foreign ,space station prompts , china in pakistan in pakistan
Keywords+LSTM,has declared war on the just as authorities say any aura that may have enveloped gangsters in the past is falling away in japanese society japan gangs organized crime foreign ,with risk japanese city takes on once fact of life its , in the kong of the kong
Keywords+LSTM,the annual shiite pilgrimage to karbala has run into conflict of contemporary sort saturday’s provincial elections shiite muslims karbala iraq elections iraq iraq war 2003 foreign ,iraqi officials concerned that absence of shiite pilgrims could affect elections , u s of the korea
Keywords+LSTM,see the latest charts and maps of coronavirus cases deaths and hospitalizations in county michigan coronavirus 2019 ncov states us deaths fatalities united states disease rates u s ,county michigan covid case and risk tracker , north korea in pakistan
Keywords+LSTM,mr father bo xilai former chinese communist party official is scheduled to go on trial on charges of taking bribes corruption and abuse of power bo bo xilai china foreign ,bo statement , u s of the korea
Keywords+LSTM,investigators searching home outside buenos aires found door behind and more than 75 artifacts from the third reich vis photo holocaust and the nazi era buenos aires argentina foreign ,the secret room the nazi artifacts and an argentine mystery , in the the the the the the the the the
Keywords+LSTM,many ship owners are reluctant to allow weapons fearing their crews will be killed if they try to fight pirates during an attack somalia piracy at sea ships and shipping foreign ,rescue revives debate over crews , china in china in china
Keywords+LSTM,u s and russian negotiators are racing to solve remaining obstacles to new arms control treaty that would replace pact that expires saturday russia united states arms control and limitation and disarmament foreign ,arms treaty likely to before new pact is set , the the trump
Keywords+LSTM,following is the partly edited text of transcript provided by the federal news service sarkozy nicolas iran brown gordon obama barack foreign ,statements by obama brown and sarkozy , in the the the the the the the the the
Keywords+LSTM,after ameneh bahrami was and disfigured by scorned who poured acid on her face she fought for her right to punish her attacker in kind tehran iran bahrami ameneh 1978 acids assaults iran foreign ,an eye for an eye , in the the the the the the the the the
Keywords+LSTM,after night of violent clashes between hamas and fatah gunmen leaders on each side called for renewed dialogue palestinians fatah al hamas foreign ,gaza is tense as it tallies casualties , china in pakistan in pakistan
Keywords+LSTM,the provincial government in the city of in qinghai province now says that bodies have been recovered and that 270 people are missing from the earthquake last month china earthquakes foreign ,china earthquake death toll increased , north korea in pakistan
Keywords+LSTM,see the latest charts and maps of coronavirus cases deaths and hospitalizations in the garden city area coronavirus 2019 ncov states us deaths fatalities united states disease rates u s ,county kansas covid case and risk tracker , north korea in pakistan
Keywords+LSTM,although the category hurricane hit bermuda directly the small island was spared major damage and the police said there were no fatalities hurricanes and tropical storms bermuda foreign ,bermuda mending after hurricane gonzalo , china in china in china
Keywords+LSTM,political resistance to thaw in relations provided reminder of the internal obstacles that both countries face in overcoming their decades old rivalry india pakistan international relations politics and government singh manmohan foreign ,hints of cooperation put leaders of pakistan and india on the defensive at home , in the kong of the the the the
Keywords+LSTM,under the threat of losing hundreds of millions of dollars in american aid afghan officials backed down in an argument that had threatened to drive up the cost of the western military withdrawal afghanistan war 2001 freight cargo afghanistan fines penalties foreign ,afghans yield in dispute with u s over stiff fines for cargo shipments , china in china in china
Keywords+LSTM,many responding to times article about call center voiced sympathy for the victims of fraud and anger at the criminals and system that does little to protect the vulnerable vis comments india frauds and swindling computer security foreign ,‘i thought was to readers denounce india’s phone , in the the the the the the the the
Keywords+LSTM,chinese leaders have appointed an ethnic han official with political experience in central and eastern china chen to govern the vast region of tibet china tibet han chinese ethnic group foreign ,china announces new top official for tibet , north korea in pakistan
Keywords+LSTM,senator bernie sanders of vermont is entering the race for the democratic nomination for president presidential election of 2016 sanders bernard democratic party u s ,what bernie sanders would need to do to win , the the the week
Keywords+LSTM,a senate amendment advanced on tuesday proposed 1 1 billion in emergency financing for zika preparedness and response the legislation was negotiated by senator roy blunt republican of missouri and senator murray democrat of washington u s ,senate legislation to combat zika , the politics trump
Keywords+LSTM,samuel has left behind life in the on the european circuit to play for an obscure team in an unsafe city samuel cameroon soccer dagestan russia foreign ,by oligarch’s cash soccer star dagestan , in the the the the the the the the the the
Keywords+LSTM,travel to the e u for vaccinated americans foreign ,your tuesday briefing , the the the the the the the the the the
Keywords+LSTM,the handling of thomas eric duncan the first person to test positive for ebola in the united states is detailed here based on medical documents provided to the new york times ebola virus dallas tex texas health presbyterian hospital u s ,details of treatment reveal wobbly first response to ebola , the the the the the the the the the the
Keywords+LSTM,a two day old general strike in israel revolving the role of non union contract workers has shut ports government offices some banks museums and parts of hospitals israel strikes histadrut temporary employment labor and jobs organized labor foreign ,israeli negotiators report progress in strike talks , north korea in pakistan
Keywords+LSTM,a city in eastern china has started some people against the coronavirus with vaccine that has not finished late stage clinical trials ignoring warnings from scientists that the campaign could carry major health risks internal essential foreign ,a chinese city says it has given some residents vaccine , china in pakistan in pakistan
Keywords+LSTM,analysts say that medicare beneficiaries on average pay about 1 for every 3 in benefits but for social security beneficiaries who retired in 2010 the amount was about even medicare social security us u s ,getting back more from medicare less from social security , in the the the the the the the the
Keywords+LSTM,an agreement between the thai government and the to hold negotiations was hopeful but tentative sign that tensions may ease in deadly insurgency thailand fuller thomas foreign ,thais to hold peace talks with rebels , china in pakistan in pakistan
Keywords+LSTM,this commercial crossing between egypt and israel has been turned into parking lot of stalled humanitarian aid foreign aid israel gaza strip egypt foreign ,at border crossing drivers and of aid for gaza go nowhere , china in pakistan in pakistan
Keywords+LSTM,see full results and maps from the alaska elections elections presidential election of 2020 united states internal election open alaska u s ,alaska election results , new carolina election results
Keywords+LSTM,participants lay on the ground in silence in front of the hiroshima peace memorial day before the 70th anniversary of the world’s first nuclear attack hiroshima japan nuclear weapons world war ii 1939 45 foreign ,hiroshima marks 70 years since bombing , in the kong of the korea
Keywords+LSTM,the army’s report which has been in places says that no clear warnings existed about specialist ivan mental state and that no single factor prompted the episode fort hood shooting 2014 lopez ivan antonio u s ,u s army report of the investigation into 2014 fort hood shooting , in the the the the the the the the the
Keywords+LSTM,french airstrikes overnight in mali pushed back islamist rebels from key village and destroyed rebel command center france said as west african nations promised fast deployment of troops to mali erlanger steven defense and military forces international relations mali france foreign ,french airstrikes in mali deter islamist rebels , china in china in china
Keywords+LSTM,how different groups voted elections presidential election of 2020 united states internal election open new mexico u s ,new mexico voter surveys how different groups voted , new carolina election results
Keywords+LSTM,american officials say the valley consumed resources with its importance and there are not enough troops to win decisively against the taliban and al qaeda united states defense and military forces afghanistan afghanistan war 2001 foreign ,u s pulling back in afghan valley it called to war , china in pakistan in pakistan
Keywords+LSTM,president obama criticized mitt romney inconsistent statements about foreign policy concerning russia iraq and afghanistan obama barack romney mitt politics ,obama to romney cold war is over , the the the the the the the the the
Keywords+LSTM,a homeless has been accused of having killed the young lawyer but many in zagreb suspect mob involvement murders and attempted murders zagreb croatia foreign ,arrest in croatia murder doesn’t erase all doubt , north korea in pakistan
Keywords+LSTM,a sampling of doug work u s ,from the white house to the super bowl , the the the week
Keywords+LSTM,an 18 year old woman was stricken with severe headaches seizures confusion and weakness in one arm early this month symptoms that doctors at nevada hospital were shocked to see in someone so young internal essential foreign ,she’s 18 and developed blood in her brain after vaccine here’s what happened , in the kong of the korea
Keywords+LSTM,day of trump’s impeachment trial foreign ,your thursday briefing , in the the the the the the the
Keywords+LSTM,the attack struck the heart of nation known for its and tolerance and turned warm spring afternoon into scene of terror stockholm sweden terrorism deaths fatalities foreign ,stockholm truck attack kills terrorism is suspected , north korea in pakistan
Keywords+LSTM,on april day the ukrainian city weighed down by history celebrates its tradition of humor and practice that began 40 years ago ukraine april fool day festivals ukraine foreign ,that taxi on the in , in the the the the the the the the
Keywords+LSTM,violent confrontations have erupted over an urban plan that would link infrastructure development in addis ababa with that of surrounding towns home to the ethnic group ethiopia demonstrations protests and riots addis ababa ethiopia foreign ,ethiopians on edge as plan stirs protests , in the kong of the kong
Keywords+LSTM,at least five people were killed and more than dozen injured on monday by pair of bombs in northwestern pakistan that targeted security forces officials said pakistan police terrorism foreign ,bombings strike police in pakistan , north korea in pakistan
Keywords+LSTM,the west bank group says it won’t pay for electricity that israel supplies to gaza increasing pressure on its militant rivals there palestinians gaza strip electric light and power palestinian authority hamas foreign ,challenging hamas palestinian authority cuts electricity payments for gaza , north korea in pakistan
Keywords+LSTM,high level talks had been scheduled for sunday and monday but both sides traded barbs over pakistan’s plans to meet with kashmiri separatist leaders modi narendra sharif nawaz pakistan india foreign ,pakistan cancels talks with india citing restrictions , north korea in pakistan
Keywords+LSTM,a senior north korean diplomat said wednesday that his country was willing to have “any kind of to ease tensions on the korean peninsula united states international relations cumming bruce nick north korea south korea foreign ,north korea repeats call for talks , north korea in pakistan
Keywords+LSTM,a new scandal depicting the prime minister’s residence as kind of playboy mansion could start eroding the charismatic italian leader’s political capital analysts say berlusconi silvio politics and government foreign ,berlusconi pleads case as italy’s tolerance wanes , in the kong of the kong
Keywords+LSTM,the pause in troop would begin in july but officials indicated would likely resume before the end of president bush’s term in office united states armament and defense petraeus david iraq bush george foreign ,petraeus to seek to limit pause in pullout to weeks , in the the the the the the the the the
Keywords+LSTM,prosecutors said the defendants stockpiled dangerous weapons to wage islamist jihad against the australian government sydney australia australia islam lashkar e taiba terrorism foreign ,five convicted in australia terror plot , north korea in pakistan
Keywords+LSTM,nigerian officials announced arrests in the deadly christmas day bombing as concern grew about the boko haram insurgent group carter christmas terrorism nigeria boko haram foreign ,nigeria arrests in blast that killed 26 in church , north korea in pakistan
Keywords+LSTM,the rogue attack is sure to further dampen backing for the war in britain where support has amid sharply rising casualties great britain afghanistan afghanistan war 2001 foreign ,afghan soldier kills british soldiers , north korea in pakistan
Keywords+LSTM,the liberals will seek second mandate in canada’s next federal election in october that result is not elections trudeau justin canada foreign ,can justin trudeau make it two in row , the the the the the the the the
Keywords+LSTM,in may as the earth was going through what ended up being its hottest year on record the western and northern parts of india experienced brutal heat wave vis comments india weather temperature foreign ,readers in india reflect on coping with 2016 heat , in the the the the the the the the the
Keywords+LSTM,a tornado over joplin mo on sunday night knocking out hospital and causing many deaths across the city according to various reports tornadoes missouri u s ,deadly tornado rips through joplin mo , in the kong of the the the the
Keywords+LSTM,nan elections presidential election of 2020 primaries and caucuses nebraska u s ,nebraska presidential republican primary election results , new carolina election results
Keywords+LSTM,the ruling party zanu pf formally expelled former finance minister who announced last week that he would run against robert mugabe for the presidency africa mugabe robert zimbabwe foreign ,zimbabwe party formally expels mugabe challenger , in the the the the the the the the the
Keywords+LSTM,for britons and others the games offer sense of individual and the affirmation of nation’s niche in globalized world olympic games 2016 great britain rio de janeiro brazil foreign ,the tribal of the olympics , the the the the the the the
Keywords+LSTM,nan elections presidential election of 2020 primaries and caucuses maryland u s ,maryland primary election results first congressional district , new carolina election results
Keywords+LSTM,a convoy of afghan officials was hit by remote controlled bomb before coming under small arms fire for 15 minutes before the attackers escaped education taliban afghanistan terrorism foreign ,taliban kill afghan education officials near border , north korea in pakistan
Keywords+LSTM,by hundreds giant in the islands reversed the threat of extinction another earning the name george was unable to do the same turtles and tortoises evolution biology galapagos islands foreign ,meet the whose sex drive saved his species , in the the the the the the the the the
Keywords+LSTM,analysts questioned whether liberia’s president ellen johnson sirleaf would benefit in the election on tuesday from winning the nobel peace prize last week johnson sirleaf ellen elections nobel prizes liberia politics and government foreign ,nobel winner doesn’t want to talk about it on the campaign trail , the politics trump
